ID,x,y,Ru,Rh,Pd,Ir,Pt,Resistance
1,-22500,-40500,0.555540277,1.375099695,0.121008773,0.467533896,0.231016749,0.51629626
2,-18000,-40500,0.440507073,1.199158142,0.149282952,0.45274338,0.205569967,0.51613383
3,-13500,-40500,0.392407575,1.027314213,0.149908512,0.451930072,0.182976566,0.520969877
4,-9000,-40500,0.330919957,0.890475522,0.162451615,0.46328794,0.158440464,0.52773861
5,-4500,-40500,0.296168209,0.789168706,0.130608341,0.469086293,0.154522544,0.535625257
6,0,-40500,0.253143051,0.677879715,0.154604145,0.487597689,0.125722052,0.543709913
7,4500,-40500,0.224151539,0.598263615,0.157853197,0.481452249,0.116811365,0.552260343
8,9000,-40500,0.185703758,0.535003685,0.156226971,0.484893147,0.112011791,0.562421637
9,13500,-40500,0.176917761,0.457498272,0.154803041,0.487906012,0.105044921,0.574471177
10,18000,-40500,0.147039688,0.41509434,0.144437215,0.499674691,0.094990241,0.585289693
11,22500,-40500,0.120615385,0.365538462,0.156307692,0.503384615,0.083692308,0.60648664
12,-27000,-36000,0.583058306,1.331133113,0.162266227,0.429042904,0.244774477,0.507307023
13,-22500,-36000,0.489464281,1.160030347,0.161523213,0.420939282,0.215364284,0.51265353
14,-18000,-36000,0.432098765,1.020723104,0.145502646,0.401234568,0.205026455,0.518138457
15,-13500,-36000,0.371031467,0.876436493,0.156434889,0.413148553,0.188524097,0.523821283
16,-9000,-36000,0.313306303,0.779579801,0.151124217,0.425727976,0.171396978,0.530251987
17,-4500,-36000,0.28541334,0.684652237,0.15799667,0.417926676,0.152900003,0.537129213
18,0,-36000,0.236738688,0.606051041,0.164138824,0.430864412,0.140464955,0.544398197
19,4500,-36000,0.2125524,0.531381,0.147605833,0.457578083,0.125464958,0.552566453
20,9000,-36000,0.196270854,0.464415541,0.167244882,0.443682705,0.110575129,0.56183822
21,13500,-36000,0.169165105,0.407297522,0.160056215,0.465854674,0.098896523,0.571771503
22,18000,-36000,0.140136941,0.363864338,0.164722369,0.469581679,0.090966084,0.581706367
23,22500,-36000,0.130612245,0.328862974,0.15393586,0.469970845,0.081632653,0.594057173
24,27000,-36000,0.110680686,0.291090205,0.14831212,0.480354178,0.076369673,0.61043524
25,-31500,-31500,0.660047853,1.292593713,0.151260966,0.36027612,0.286020737,0.50894275
26,-27000,-31500,0.533529124,1.147821831,0.154185022,0.362212433,0.249632893,0.511809143
27,-22500,-31500,0.45753503,0.98985944,0.153978135,0.358549086,0.241965641,0.516271543
28,-18000,-31500,0.40632506,0.878702962,0.142113691,0.368294636,0.208166533,0.523348527
29,-13500,-31500,0.352002359,0.766664824,0.169550874,0.372274746,0.18060854,0.527586977
30,-9000,-31500,0.304618631,0.697729825,0.151458426,0.384602294,0.161669106,0.534438333
31,-4500,-31500,0.266721379,0.609197942,0.151510369,0.39298002,0.157823301,0.539868003
32,0,-31500,0.228404704,0.536382659,0.153252188,0.40670773,0.148831452,0.546892847
33,4500,-31500,0.214239312,0.483766189,0.1396011,0.411892355,0.132690155,0.55454139
34,9000,-31500,0.176738142,0.430149448,0.157244964,0.417153996,0.119558155,0.562752987
35,13500,-31500,0.158572113,0.38229401,0.158572113,0.421629728,0.108173225,0.571684867
36,18000,-31500,0.146767618,0.330809552,0.160745486,0.423995341,0.102504368,0.581078037
37,22500,-31500,0.12728138,0.288873394,0.168232781,0.436077077,0.08632998,0.591572757
38,27000,-31500,0.114918292,0.253031102,0.170795994,0.435424354,0.080126516,0.60343772
39,31500,-31500,0.100552031,0.217192386,0.167921891,0.450473097,0.070386421,0.62464074
40,-36000,-27000,0.705875865,1.265613368,0.13786638,0.330879312,0.314335346,0.50803562
41,-31500,-27000,0.586301639,1.121087234,0.144735551,0.323815131,0.274752232,0.510618457
42,-27000,-27000,0.516881117,0.976575388,0.129770153,0.321126141,0.257340812,0.515717337
43,-22500,-27000,0.449194858,0.860288367,0.138368059,0.33489081,0.222592095,0.52039624
44,-18000,-27000,0.382577987,0.766995291,0.143466745,0.34027369,0.206003531,0.525674293
45,-13500,-27000,0.345956213,0.674953788,0.149236013,0.339172758,0.18824088,0.531518247
46,-9000,-27000,0.297797246,0.614502253,0.140232565,0.352944884,0.171745502,0.53686351
47,-4500,-27000,0.25933075,0.545183963,0.154714368,0.361000192,0.153240898,0.542806627
48,0,-27000,0.229069783,0.476078767,0.157312984,0.373963321,0.144893538,0.549449043
49,4500,-27000,0.197769884,0.433272181,0.158736355,0.376023004,0.135316237,0.556580927
50,9000,-27000,0.172297089,0.38028429,0.15506738,0.392591225,0.129222817,0.564271077
51,13500,-27000,0.153747598,0.343602586,0.161900879,0.389028012,0.116475453,0.572262607
52,18000,-27000,0.13184719,0.302472966,0.162870059,0.399973409,0.109687999,0.581108467
53,22500,-27000,0.12334486,0.253015097,0.175002108,0.411149532,0.091717973,0.59033865
54,27000,-27000,0.111719473,0.234510246,0.162043561,0.408631587,0.089576875,0.6007666
55,31500,-27000,0.102161782,0.203359773,0.159989206,0.418285031,0.079030812,0.613325933
56,36000,-27000,0.091451586,0.176436898,0.163504351,0.424926562,0.066510244,0.629520607
57,-40500,-22500,0.74801309,1.226521464,0.148502599,0.30800539,0.319005583,0.51037766
58,-36000,-22500,0.637160364,1.079022533,0.148914874,0.285623612,0.292947294,0.511561997
59,-31500,-22500,0.547896783,0.943354542,0.150229763,0.287203959,0.278366914,0.515168297
60,-27000,-22500,0.474247935,0.839981512,0.150714386,0.287362096,0.255209694,0.51903155
61,-22500,-22500,0.416781419,0.754613054,0.141375195,0.295602681,0.229505187,0.523863047
62,-18000,-22500,0.358447295,0.657436507,0.149494606,0.321073643,0.212350293,0.52894037
63,-13500,-22500,0.316140556,0.599086354,0.156489575,0.314559853,0.192845739,0.534091783
64,-9000,-22500,0.281445243,0.539313922,0.142932925,0.327124838,0.182718378,0.53951934
65,-4500,-22500,0.245985462,0.458804345,0.165832896,0.334429673,0.176888422,0.54587061
66,0,-22500,0.219588888,0.424885008,0.162417817,0.341727086,0.152023076,0.55202644
67,4500,-22500,0.208965865,0.374909346,0.159797426,0.351554337,0.133983996,0.55867669
68,9000,-22500,0.171224899,0.342449797,0.171224899,0.352932954,0.12696268,0.565671163
69,13500,-22500,0.155885507,0.300715304,0.156991078,0.368155134,0.12492952,0.573051547
70,18000,-22500,0.131644077,0.27803229,0.164291808,0.368603414,0.111634177,0.58101579
71,22500,-22500,0.12267101,0.23327602,0.166913014,0.386112033,0.097533508,0.589667647
72,27000,-22500,0.108807642,0.210874987,0.166581611,0.387085592,0.089549652,0.599364063
73,31500,-22500,0.095984347,0.183662357,0.179047725,0.386706168,0.077525819,0.609084983
74,36000,-22500,0.091269982,0.163931521,0.171906568,0.385460603,0.073547655,0.620719503
75,40500,-22500,0.075905536,0.142429489,0.177397208,0.385497778,0.070788309,0.649453017
76,-40500,-18000,0.691820814,1.015651833,0.154555714,0.260046121,0.32873755,0.51277454
77,-36000,-18000,0.574080591,0.937005103,0.134172092,0.257346472,0.299137779,0.5147323
78,-31500,-18000,0.51942322,0.818241983,0.126346189,0.262719852,0.278763813,0.519028103
79,-27000,-18000,0.449653546,0.718708536,0.151113077,0.267212148,0.254312251,0.53290904
80,-22500,-18000,0.402622995,0.645555858,0.14100299,0.266716499,0.242932862,0.526648433
81,-18000,-18000,0.351374773,0.581422831,0.14496179,0.275742535,0.223745371,0.531787857
82,-13500,-18000,0.294715747,0.530488344,0.145884295,0.29029501,0.212195338,0.53701003
83,-9000,-18000,0.269843906,0.4829514,0.14391675,0.300287833,0.185431197,0.54227456
84,-4500,-18000,0.239380732,0.435829051,0.149612958,0.296623951,0.179535549,0.548136377
85,0,-18000,0.213853793,0.378545794,0.152401554,0.322009734,0.162233912,0.55430212
86,4500,-18000,0.196848101,0.338951464,0.153751179,0.330797992,0.144432926,0.560863197
87,9000,-18000,0.168230919,0.311005844,0.153842748,0.333141491,0.14056136,0.567522723
88,13500,-18000,0.148651071,0.266728517,0.169736329,0.340526921,0.128620075,0.574350073
89,18000,-18000,0.129842679,0.237541645,0.173123572,0.350273274,0.115751225,0.581353237
90,22500,-18000,0.11169634,0.217615283,0.169470309,0.360124407,0.103993144,0.589509363
91,27000,-18000,0.098751304,0.189196423,0.174429873,0.368240842,0.092290938,0.598106203
92,31500,-18000,0.088689436,0.165849246,0.182700239,0.360966005,0.087802542,0.607612293
93,36000,-18000,0.08095234,0.133784394,0.186616448,0.368120116,0.0826566,0.617783673
94,40500,-18000,0.07063597,0.129773061,0.180696668,0.36467873,0.074742713,0.690820057
95,-45000,-13500,0.730947534,1.000760382,0.147170644,0.223208811,0.348303858,0.51705462
96,-40500,-13500,0.630455868,0.879552068,0.141081033,0.227052288,0.32624989,0.5153191
97,-36000,-13500,0.552586103,0.79170518,0.126592453,0.223043845,0.313467026,0.51765753
98,-31500,-13500,0.489276386,0.698966266,0.139793253,0.231762499,0.279586506,0.52117782
99,-27000,-13500,0.430528376,0.639836637,0.125925296,0.236535353,0.26716583,0.524767587
100,-22500,-13500,0.37777005,0.564284134,0.148579016,0.241836057,0.246577941,0.52917615
101,-18000,-13500,0.329566855,0.517890772,0.148599341,0.257474105,0.21922081,0.534149403
102,-13500,-13500,0.295714898,0.468445562,0.138184532,0.26255061,0.216949715,0.538989543
103,-9000,-13500,0.269647114,0.422056352,0.140685451,0.269647114,0.199304389,0.545358593
104,-4500,-13500,0.238130309,0.380517504,0.148524574,0.281091962,0.180438945,0.550216473
105,0,-13500,0.202872866,0.329959892,0.165562914,0.293815875,0.17255853,0.55608454
106,4500,-13500,0.177989055,0.296279918,0.170250401,0.299596484,0.162511746,0.562247093
107,9000,-13500,0.158136102,0.274102578,0.160244584,0.314163724,0.147593696,0.568523897
108,13500,-13500,0.138895878,0.23652559,0.175129586,0.319057924,0.136882895,0.574890797
109,18000,-13500,0.125174522,0.217611092,0.17428145,0.321602234,0.124211641,0.581514743
110,22500,-13500,0.11812913,0.185499649,0.169810624,0.337775481,0.111668943,0.58921405
111,27000,-13500,0.099242391,0.154180143,0.184307297,0.339373532,0.108989411,0.597252997
112,31500,-13500,0.093731893,0.155935785,0.17638638,0.333174273,0.092879785,0.6065185
113,36000,-13500,0.078782159,0.134586189,0.174797916,0.343851299,0.088629929,0.615599177
114,40500,-13500,0.069645048,0.115547465,0.179652566,0.349016659,0.077559258,0.62679271
115,45000,-13500,0.064957396,0.106988652,0.181116503,0.34312789,0.068014214,0.682129593
116,-45000,-9000,0.672324479,0.844263199,0.134464896,0.200595172,0.352694809,0.520848173
117,-40500,-9000,0.601636451,0.772100112,0.106289106,0.198540029,0.326889138,0.518293863
118,-36000,-9000,0.522414142,0.689807406,0.12324559,0.202343506,0.301675772,0.520039967
119,-31500,-9000,0.457914285,0.600376507,0.135678307,0.211997354,0.291708359,0.523389243
120,-27000,-9000,0.401498506,0.557988082,0.140682547,0.214975578,0.263977364,0.52684197
121,-22500,-9000,0.359537317,0.500994622,0.138510278,0.219553525,0.254917852,0.531323693
122,-18000,-9000,0.318277427,0.442820768,0.14391675,0.232480903,0.244935237,0.53580284
123,-13500,-9000,0.285844215,0.414474112,0.150717859,0.233872539,0.215682453,0.54087013
124,-9000,-9000,0.258096233,0.367479875,0.149941621,0.250722055,0.202789897,0.545840793
125,-4500,-9000,0.218945799,0.336570936,0.160715534,0.25854238,0.189830666,0.55154671
126,0,-9000,0.204727546,0.295471648,0.153822319,0.27333894,0.179274932,0.557416317
127,4500,-9000,0.180280859,0.270948425,0.160249652,0.274111247,0.168683844,0.563086477
128,9000,-9000,0.163054966,0.246595473,0.168087526,0.277797349,0.15097682,0.569339637
129,13500,-9000,0.151173763,0.218576078,0.162728446,0.290792844,0.139619081,0.575663313
130,18000,-9000,0.11813022,0.191038715,0.183655577,0.296248443,0.13381939,0.582082957
131,22500,-9000,0.118737484,0.171017421,0.182536729,0.299502011,0.114306981,0.589002643
132,27000,-9000,0.099698349,0.153382075,0.173833018,0.311876885,0.113332311,0.59665666
133,31500,-9000,0.08952625,0.128950654,0.185623234,0.317859255,0.098561009,0.605318147
134,36000,-9000,0.078288719,0.120200862,0.186627654,0.321062829,0.085405876,0.61413566
135,40500,-9000,0.074950479,0.109366515,0.187376198,0.316627534,0.07571528,0.624911823
136,45000,-9000,0.069396253,0.089329219,0.187517534,0.320403975,0.072349285,0.64750046
137,-45000,-4500,0.628930818,0.727389636,0.122571182,0.182852091,0.345610545,0.521291477
138,-40500,-4500,0.552658637,0.648134548,0.124853114,0.178099295,0.334165687,0.52174674
139,-36000,-4500,0.480769231,0.597988584,0.122315847,0.190269095,0.307488448,0.523651613
140,-31500,-4500,0.431525038,0.534269095,0.115389479,0.203907436,0.29400607,0.525108613
141,-27000,-4500,0.398746377,0.475258597,0.129482218,0.201580272,0.26779277,0.529256647
142,-22500,-4500,0.345953725,0.433134064,0.139765305,0.202036976,0.261541016,0.53273612
143,-18000,-4500,0.313133413,0.394989865,0.141624656,0.203991477,0.246868666,0.537331357
144,-13500,-4500,0.281447797,0.376083082,0.136422295,0.211393105,0.223683402,0.541752153
145,-9000,-4500,0.254760769,0.328048114,0.140758233,0.228005072,0.212882287,0.548951323
146,-4500,-4500,0.210495995,0.293586519,0.16064168,0.23930071,0.202740879,0.55248227
147,0,-4500,0.200073711,0.265360922,0.15900595,0.245353551,0.184278418,0.557785307
148,4500,-4500,0.172111843,0.252632003,0.152988304,0.253638505,0.175131349,0.56340111
149,9000,-4500,0.162728446,0.211835846,0.171394458,0.260943247,0.155988214,0.569411533
150,13500,-4500,0.142128044,0.183658967,0.17904442,0.271335358,0.146742591,0.575456297
151,18000,-4500,0.124941295,0.166588394,0.176335587,0.278238062,0.140005139,0.581396877
152,22500,-4500,0.100550471,0.155938443,0.178945754,0.286313206,0.130374764,0.588290853
153,27000,-4500,0.097658654,0.13705038,0.182186733,0.288051997,0.115713195,0.595624173
154,31500,-4500,0.08158222,0.124353481,0.186134191,0.293854403,0.105344031,0.60380044
155,36000,-4500,0.078654174,0.103854055,0.186326392,0.296289508,0.099272258,0.612573663
156,40500,-4500,0.068760536,0.096856239,0.19740928,0.296483601,0.079111584,0.622303053
157,45000,-4500,0.052874894,0.076454238,0.192207384,0.313676734,0.080026866,0.639776157
158,-45000,0,0.57758811,0.625413877,0.119564418,0.174747995,0.34213818,0.523183367
159,-40500,0,0.519877676,0.543662929,0.137614679,0.166496772,0.331294597,0.52316079
160,-36000,0,0.453814881,0.513693234,0.124483943,0.171756327,0.313573477,0.52464429
161,-31500,0,0.425237633,0.448780201,0.120655661,0.17951208,0.29869633,0.526864743
162,-27000,0,0.37225136,0.417917883,0.135615737,0.178514593,0.278150644,0.529974807
163,-22500,0,0.324375024,0.377786173,0.139390071,0.190195797,0.269661165,0.534554617
164,-18000,0,0.299029078,0.355635406,0.13167124,0.193199857,0.249806185,0.539032623
165,-13500,0,0.273691811,0.3063019,0.146745397,0.206142343,0.231764555,0.542708947
166,-9000,0,0.245678493,0.284411589,0.149399084,0.209158717,0.218011996,0.54776398
167,-4500,0,0.221374207,0.250890768,0.143366153,0.224536695,0.213995067,0.55283114
168,0,0,0.185179594,0.241538601,0.162032145,0.223423206,0.194237292,0.558561443
169,4500,0,0.168346929,0.210674157,0.161613052,0.237609666,0.184700631,0.563580157
170,9000,0,0.153063106,0.184413381,0.172426511,0.243425663,0.169660311,0.569284147
171,13500,0,0.132918627,0.162160725,0.17811096,0.252545392,0.160388477,0.57494749
172,18000,0,0.119301236,0.161056668,0.179804005,0.246271836,0.145717938,0.582766747
173,22500,0,0.099302421,0.135412392,0.184653262,0.26754206,0.13377103,0.586962527
174,27000,0,0.097348635,0.125840918,0.183616937,0.265136526,0.1195093,0.595034923
175,31500,0,0.083365201,0.107839388,0.193499044,0.273040153,0.106309751,0.602962227
176,36000,0,0.073143702,0.090875508,0.191355744,0.279275951,0.104174363,0.611177947
177,40500,0,0.065784769,0.090096532,0.187343582,0.281730425,0.090096532,0.620943587
178,45000,0,0.058231832,0.079028915,0.188560218,0.284920035,0.081801859,0.637610127
179,-45000,4500,0.557301844,0.531815479,0.113839096,0.146121825,0.350012743,0.527089163
180,-40500,4500,0.475950325,0.507470214,0.108743617,0.146567484,0.338838807,0.52647294
181,-36000,4500,0.433295997,0.465719507,0.094322938,0.160643754,0.319813712,0.527529237
182,-31500,4500,0.39943609,0.391143299,0.121627598,0.163091552,0.30683326,0.52928908
183,-27000,4500,0.350027976,0.370847484,0.134025582,0.163953625,0.282364576,0.532229203
184,-22500,4500,0.315523253,0.33271129,0.138732014,0.169424937,0.27255316,0.535826647
185,-18000,4500,0.280389054,0.303657856,0.139612807,0.179169769,0.261774013,0.539960363
186,-13500,4500,0.255669555,0.275591858,0.149417273,0.183727906,0.24238802,0.544221393
187,-9000,4500,0.236961833,0.245387143,0.149549246,0.194835285,0.22748336,0.549356253
188,-4500,4500,0.205332609,0.226469789,0.156012521,0.200299947,0.21841753,0.55351487
189,0,4500,0.1858396,0.206060489,0.157915515,0.209912087,0.203171791,0.559009113
190,4500,4500,0.164294549,0.186446623,0.167063558,0.217828728,0.187369626,0.564783993
191,9000,4500,0.147864814,0.165573175,0.17265652,0.224896185,0.175312774,0.569852507
192,13500,4500,0.134649145,0.141466823,0.174703005,0.23180106,0.169589746,0.575177023
193,18000,4500,0.11562969,0.140231751,0.181235188,0.232079448,0.151712714,0.580423627
194,22500,4500,0.099729306,0.115559355,0.183628564,0.249323265,0.14326194,0.587968173
195,27000,4500,0.089420828,0.113877807,0.185720182,0.246098348,0.129163418,0.595739393
196,31500,4500,0.081953899,0.103365278,0.184580854,0.252506608,0.1166551,0.60335251
197,36000,4500,0.074317565,0.082178076,0.195798199,0.253680149,0.109332571,0.61201031
198,40500,4500,0.062352346,0.084522069,0.194677881,0.257723031,0.093528519,0.622044247
199,45000,4500,0.055764205,0.071888794,0.196182503,0.265383866,0.08263852,0.640483267
200,-45000,9000,0.516131069,0.448260623,0.126270598,0.137319275,0.350400909,0.53125372
201,-40500,9000,0.456211093,0.425306471,0.120675192,0.136863328,0.334064252,0.52931708
202,-36000,9000,0.417403804,0.388379036,0.110570544,0.146505971,0.319272446,0.530259977
203,-31500,9000,0.368715229,0.3504749,0.128985186,0.145922635,0.307479838,0.53165804
204,-27000,9000,0.337622158,0.322889555,0.122771694,0.151009183,0.294652065,0.53367942
205,-22500,9000,0.305981176,0.302490896,0.124486638,0.151245448,0.280385792,0.537910487
206,-18000,9000,0.280009739,0.264515129,0.12949067,0.167120437,0.265621887,0.541122437
207,-13500,9000,0.249857676,0.241423662,0.138106985,0.16446328,0.260400194,0.544668713
208,-9000,9000,0.225460987,0.223447943,0.144939206,0.173121829,0.239552299,0.550340963
209,-4500,9000,0.199320193,0.209912087,0.151175219,0.180062203,0.222429781,0.554006563
210,0,9000,0.182736057,0.188273513,0.154125866,0.184581876,0.213192067,0.558778133
211,4500,9000,0.157739889,0.159512247,0.168374038,0.19761795,0.202935025,0.56390248
212,9000,9000,0.139643398,0.151564176,0.173702764,0.202653225,0.184772058,0.568684987
213,13500,9000,0.124750704,0.1362409,0.179739501,0.210106448,0.169890761,0.573830657
214,18000,9000,0.115559355,0.124265881,0.173339032,0.218454671,0.159883491,0.580035283
215,22500,9000,0.094770068,0.113876936,0.184190213,0.224696774,0.14674075,0.586533953
216,27000,9000,0.084169491,0.100412726,0.187535532,0.231835264,0.135114183,0.59409116
217,31500,9000,0.080804903,0.095821743,0.181632259,0.234548744,0.122279985,0.602094717
218,36000,9000,0.067894307,0.075515096,0.194676532,0.23970847,0.115004642,0.610852287
219,40500,9000,0.065213153,0.069919257,0.193622557,0.238666694,0.104206585,0.621141017
220,45000,9000,0.059344085,0.067169678,0.193683442,0.241941269,0.089994326,0.6441825
221,-45000,13500,0.484871708,0.402340353,0.100216645,0.125270806,0.361074676,0.5371282
222,-40500,13500,0.440303658,0.372670807,0.107660455,0.129744651,0.33126294,0.517630283
223,-36000,13500,0.392978438,0.340928314,0.118414033,0.132727817,0.316204505,0.532677007
224,-31500,13500,0.350773548,0.321234723,0.115693732,0.132924713,0.308926879,0.534026787
225,-27000,13500,0.329257368,0.266430873,0.137287524,0.134960617,0.296680667,0.536024897
226,-22500,13500,0.286659805,0.27116468,0.122854202,0.140562916,0.28555301,0.539740783
227,-18000,13500,0.266728517,0.236154892,0.128620075,0.149705334,0.273054094,0.542577983
228,-13500,13500,0.24358084,0.217410997,0.1429276,0.147960262,0.254652696,0.546523097
229,-9000,13500,0.211839926,0.19354466,0.153102492,0.161768671,0.242653006,0.550761947
230,-4500,13500,0.188276989,0.183662357,0.148591153,0.174433092,0.227962825,0.55481909
231,0,13500,0.17013735,0.164820558,0.157731502,0.180770935,0.212671688,0.559537117
232,4500,13500,0.152679569,0.149267735,0.166326905,0.184239033,0.199592286,0.56411452
233,9000,13500,0.138707639,0.132962352,0.168254828,0.187952954,0.192877486,0.569075397
234,13500,13500,0.122588758,0.124961444,0.167669785,0.193769328,0.182696795,0.573872333
235,18000,13500,0.109211159,0.106920016,0.181764028,0.200093173,0.166489739,0.5805177
236,22500,13500,0.093767766,0.093767766,0.192703834,0.206732083,0.152095746,0.586548577
237,27000,13500,0.082892076,0.093610879,0.186507171,0.213661472,0.138629851,0.594628447
238,31500,13500,0.074822815,0.083136462,0.189828254,0.218926015,0.1260903,0.601971033
239,36000,13500,0.067858103,0.068529965,0.193496372,0.222386455,0.119591508,0.610788737
240,40500,13500,0.061302082,0.061302082,0.192384194,0.229556734,0.107604719,0.621963503
241,45000,13500,0.050652146,0.053184754,0.198809675,0.231100418,0.100037989,0.672478663
242,-40500,18000,0.417148575,0.322283011,0.09746462,0.116957544,0.346974048,0.53721659
243,-36000,18000,0.3769091,0.292196631,0.110494524,0.12031626,0.329028139,0.536344383
244,-31500,18000,0.331962774,0.277218035,0.116478166,0.122302074,0.316820612,0.538885
245,-27000,18000,0.305471932,0.252346379,0.119532495,0.128386754,0.301044803,0.539200167
246,-22500,18000,0.277563771,0.226905744,0.137198822,0.130866569,0.281785273,0.542675543
247,-18000,18000,0.260421904,0.211152895,0.133730167,0.136746637,0.264443863,0.544358013
248,-13500,18000,0.22457182,0.187946373,0.14168265,0.14553796,0.263124922,0.548025527
249,-9000,18000,0.211346248,0.162432051,0.155048776,0.145819682,0.248262623,0.55892047
250,-4500,18000,0.181653848,0.160387056,0.150639776,0.15684259,0.23659306,0.555788767
251,0,18000,0.162755424,0.143156603,0.157642688,0.163607546,0.224960376,0.560457867
252,4500,18000,0.14691278,0.131318686,0.167431324,0.162506874,0.212572123,0.56444723
253,9000,18000,0.134661998,0.110105987,0.176644857,0.173476339,0.196448092,0.569157677
254,13500,18000,0.110055563,0.111584112,0.17884029,0.181133114,0.182661663,0.57381415
255,18000,18000,0.107795219,0.095243721,0.177935943,0.186795824,0.171291032,0.579469447
256,22500,18000,0.091531217,0.08151999,0.186637872,0.195218924,0.16017963,0.586057107
257,27000,18000,0.07967189,0.076207895,0.185670145,0.197447728,0.153801388,0.594062797
258,31500,18000,0.075970983,0.073281745,0.188246684,0.200348256,0.133789607,0.601852057
259,36000,18000,0.061341286,0.066561821,0.196422628,0.203600864,0.123987706,0.61114444
260,40500,18000,0.06141495,0.062048094,0.196907726,0.20260602,0.110800167,0.624385607
261,-40500,22500,0.39210866,0.27779485,0.102022002,0.108167906,0.349087333,0.538255683
262,-36000,22500,0.362238658,0.257410751,0.105992662,0.109486926,0.329625531,0.54003847
263,-31500,22500,0.324272876,0.227987073,0.113993537,0.113993537,0.326486343,0.540993923
264,-27000,22500,0.289913131,0.209791684,0.12334486,0.1212364,0.309943493,0.61883365
265,-22500,22500,0.268730625,0.199283385,0.125810218,0.121784291,0.290873224,0.544275847
266,-18000,22500,0.243606532,0.187759975,0.13287629,0.122284702,0.276344169,0.546660917
267,-13500,22500,0.221492119,0.165196205,0.13750969,0.13012662,0.268559194,0.54986844
268,-9000,22500,0.195826503,0.150635772,0.141774844,0.140002658,0.257852997,0.552824697
269,-4500,22500,0.1787934,0.138777734,0.150697294,0.14303472,0.240945391,0.557322913
270,0,22500,0.155229765,0.12566219,0.164264301,0.150301836,0.225042093,0.592957313
271,4500,22500,0.146426791,0.116349936,0.161465218,0.150384271,0.216869949,0.56562919
272,9000,22500,0.13069198,0.096299353,0.171198851,0.162027484,0.204062916,0.56919738
273,13500,22500,0.114440129,0.094505397,0.174244326,0.167599415,0.188272471,0.574357337
274,18000,22500,0.1022568,0.081519407,0.179485713,0.173765052,0.178055548,0.579973357
275,22500,22500,0.093527871,0.074129498,0.184284546,0.178049355,0.162807776,0.588003653
276,27000,22500,0.080621863,0.066513037,0.188117681,0.184086588,0.152509691,0.59374751
277,31500,22500,0.069081027,0.05930541,0.197467463,0.181826476,0.144679132,0.6024481
278,36000,22500,0.064621584,0.05258423,0.19766602,0.188796391,0.129876712,0.612523697
279,40500,22500,0.052358278,0.04804642,0.203273316,0.192801661,0.119500071,0.62837319
280,-36000,27000,0.340877649,0.211388412,0.110674561,0.105140833,0.338664158,0.548681817
281,-31500,27000,0.314163724,0.206631174,0.112803753,0.104369828,0.316272205,0.545884093
282,-27000,27000,0.278523524,0.189034016,0.12166551,0.108594009,0.308688526,0.545367337
283,-22500,27000,0.259017467,0.175246018,0.123249947,0.107843704,0.297533075,0.547375273
284,-18000,27000,0.236262621,0.157816047,0.129206121,0.117208409,0.282407664,0.549127953
285,-13500,27000,0.211774296,0.145317927,0.142659673,0.119621465,0.266711562,0.552795203
286,-9000,27000,0.195132758,0.13548519,0.139745731,0.126112001,0.255632435,0.555294883
287,-4500,27000,0.165906944,0.121555583,0.158515051,0.132232763,0.242289844,0.558674057
288,0,27000,0.147878692,0.114665296,0.156577439,0.13680756,0.235656953,0.56260731
289,4500,27000,0.145102412,0.105390173,0.158085259,0.138992837,0.216889921,0.566296087
290,9000,27000,0.126252372,0.094504699,0.166121542,0.145448639,0.20672903,0.5706823
291,13500,27000,0.102256069,0.086524366,0.17662412,0.153741643,0.19593121,0.5750629
292,18000,27000,0.096230399,0.075461248,0.183460833,0.155076327,0.182768528,0.580564713
293,22500,27000,0.08196446,0.065840304,0.193489872,0.159226041,0.171319158,0.587517773
294,27000,27000,0.079560202,0.063256882,0.188466379,0.163685333,0.157164005,0.594826473
295,31500,27000,0.070322151,0.055117362,0.191960468,0.16851975,0.147613165,0.60531677
296,36000,27000,0.06282916,0.050509717,0.191567341,0.174320121,0.136745819,0.618766777
297,-31500,31500,0.294902119,0.175129586,0.116753057,0.098636204,0.321070907,0.550583697
298,-27000,31500,0.267938895,0.172521806,0.113729459,0.095417088,0.313237916,0.55566839
299,-22500,31500,0.244561957,0.155965927,0.123665292,0.106130661,0.292551473,0.550754013
300,-18000,31500,0.2232934,0.141773588,0.127596229,0.10987453,0.283547175,0.552522173
301,-13500,31500,0.209618596,0.13122465,0.13548519,0.105661406,0.270118273,0.55412084
302,-9000,31500,0.184491255,0.112334675,0.152512771,0.113154636,0.258287757,0.55697454
303,-4500,31500,0.166064354,0.113081917,0.144713223,0.119408178,0.248305748,0.56042306
304,0,31500,0.149133876,0.095598639,0.161370502,0.126954992,0.230966311,0.564051797
305,4500,31500,0.13447216,0.086446388,0.162548765,0.132994444,0.222396264,0.567726147
306,9000,31500,0.113698121,0.07937416,0.172334887,0.137295844,0.212379509,0.571736557
307,13500,31500,0.102460435,0.074076125,0.182074962,0.138460047,0.195920967,0.57643673
308,18000,31500,0.088010427,0.072558215,0.180723701,0.142429088,0.18811389,0.58041118
309,22500,31500,0.079506797,0.065821201,0.187036482,0.145327998,0.174654276,0.58857174
310,27000,31500,0.076657966,0.054484174,0.184992778,0.151415321,0.16598667,0.596440367
311,31500,31500,0.070133993,0.0529081,0.190100033,0.153802616,0.149496143,0.624534967
312,-27000,36000,0.258169211,0.147525264,0.114332079,0.094047356,0.308881021,0.5562014
313,-22500,36000,0.232362201,0.12948428,0.125936766,0.094896013,0.303312492,0.55500097
314,-18000,36000,0.216253033,0.113234856,0.126857094,0.102166787,0.293729513,0.557233967
315,-13500,36000,0.189571126,0.114070937,0.138690564,0.106685049,0.271636549,0.557210843
316,-9000,36000,0.167781251,0.108424677,0.148787147,0.106050414,0.260377508,0.559488907
317,-4500,36000,0.159074918,0.092538775,0.151427086,0.109364006,0.251613693,0.56265387
318,0,36000,0.14047436,0.091678003,0.157479151,0.113858165,0.235109718,0.56581911
319,4500,36000,0.125856324,0.079375295,0.156605312,0.123711045,0.229544772,0.569575053
320,9000,36000,0.109460733,0.072050103,0.169040625,0.127473258,0.214764729,0.573513593
321,13500,36000,0.099365538,0.06512471,0.178589412,0.1255497,0.203430797,0.578141303
322,18000,36000,0.088095378,0.054814902,0.181411223,0.135079579,0.192504715,0.583781123
323,22500,36000,0.077876196,0.056982582,0.183610543,0.134858778,0.180444844,0.59003452
324,27000,36000,0.070836798,0.044965968,0.190335397,0.13982568,0.170008316,0.603074773
325,-22500,40500,0.219001116,0.114187352,0.126969519,0.085214442,0.306771992,0.56233932
326,-18000,40500,0.208449595,0.108328136,0.126382825,0.09273545,0.28477169,0.560260707
327,-13500,40500,0.18440693,0.098930756,0.133754383,0.094973526,0.279380456,0.561085497
328,-9000,40500,0.170294005,0.090110729,0.136693394,0.099274532,0.268041237,0.56284137
329,-4500,40500,0.155153306,0.084226081,0.144809752,0.101219062,0.253417067,0.5658076
330,0,40500,0.138005992,0.074365923,0.153022188,0.107258543,0.242404308,0.568951207
331,4500,40500,0.117778286,0.06443165,0.170432108,0.111542965,0.228628437,0.572699253
332,9000,40500,0.104811943,0.069202757,0.167295986,0.1128744,0.217686344,0.576281897
333,13500,40500,0.093256815,0.0586931,0.172818573,0.116734055,0.210643016,0.581356053
334,18000,40500,0.086742899,0.055084907,0.179184237,0.120933531,0.191847434,0.588151547
335,22500,40500,0.078847836,0.054207887,0.181719622,0.123199744,0.17802363,0.601366023
336,-13500,45000,0.179593584,0.08100817,0.135268359,0.090178906,0.278178997,0.57093266
337,-9000,45000,0.163158633,0.078995356,0.139533854,0.087854649,0.26947014,0.570460793
338,-4500,45000,0.146584579,0.07436486,0.145869533,0.097246355,0.250981402,0.57150768
339,0,45000,0.124696917,0.070661586,0.155871147,0.096986491,0.24454451,0.57438961
340,4500,45000,0.118247783,0.06718624,0.161918839,0.095404461,0.229105079,0.58295312
341,9000,45000,0.101735371,0.058041333,0.163689603,0.10434397,0.224339535,0.58020565
342,13500,45000,0.09186518,0.058286873,0.171059301,0.107070451,0.205271161,0.594733303
